{
  "QR_Q5_Infl_yoy_1997": {
    "lr": 0.0013178328049150013,
    "q": 0.05
  },
  "QR_Q25_Infl_yoy_1997": {
    "lr": 0.0018946074391501906,
    "q": 0.25
  },
  "QR_Q50_Infl_yoy_1997": {
    "lr": 0.0010326630853829451,
    "q": 0.5
  },
  "QR_Q75_Infl_yoy_1997": {
    "lr": 0.0017663936030073988,
    "q": 0.75
  },
  "QR_Q95_Infl_yoy_1997": {
    "lr": 0.0014304942299509782,
    "q": 0.95
  },
  "RID_Q5_Infl_yoy_1997": {
    "l2": 2.061431705070027e-05,
    "lr": 0.0015792900289718769,
    "q": 0.05
  },
  "RID_Q25_Infl_yoy_1997": {
    "l2": 5.146404333927935e-05,
    "lr": 0.001690638492716607,
    "q": 0.25
  },
  "RID_Q50_Infl_yoy_1997": {
    "l2": 3.3587266424935535e-05,
    "lr": 0.0012682086087423914,
    "q": 0.5
  },
  "RID_Q75_Infl_yoy_1997": {
    "l2": 3.503525801890765e-05,
    "lr": 0.0006033029386531121,
    "q": 0.75
  },
  "RID_Q95_Infl_yoy_1997": {
    "l2": 1.0831929028482289e-05,
    "lr": 0.0008897105158980867,
    "q": 0.95
  },
  "LAS_Q5_Infl_yoy_1997": {
    "l1": 7.973790129237786e-06,
    "lr": 0.0009378042050560016,
    "q": 0.05
  },
  "LAS_Q25_Infl_yoy_1997": {
    "l1": 2.7822844997733103e-07,
    "lr": 0.0015344182185572008,
    "q": 0.25
  },
  "LAS_Q50_Infl_yoy_1997": {
    "l1": 8.760927542998812e-07,
    "lr": 0.001225587235734821,
    "q": 0.5
  },
  "LAS_Q75_Infl_yoy_1997": {
    "l1": 1.9963039736707894e-07,
    "lr": 0.0011802051826725463,
    "q": 0.75
  },
  "LAS_Q95_Infl_yoy_1997": {
    "l1": 2.7605506048840087e-06,
    "lr": 0.0011106311892873622,
    "q": 0.95
  },
  "EN_Q5_Infl_yoy_1997": {
    "l1": 1.1611159206250325e-07,
    "l2": 1.5542376226997362e-05,
    "lr": 0.0017118764030581031,
    "q": 0.05
  },
  "EN_Q25_Infl_yoy_1997": {
    "l1": 3.5859821105278563e-06,
    "l2": 2.4450339958619132e-05,
    "lr": 0.0007729501770128507,
    "q": 0.25
  },
  "EN_Q50_Infl_yoy_1997": {
    "l1": 1.947645415496058e-07,
    "l2": 1.2160142164589764e-05,
    "lr": 0.0008111296782303317,
    "q": 0.5
  },
  "EN_Q75_Infl_yoy_1997": {
    "l1": 9.315076572841587e-06,
    "l2": 1.2914110169212581e-05,
    "lr": 0.0010488482657452344,
    "q": 0.75
  },
  "EN_Q95_Infl_yoy_1997": {
    "l1": 9.965530060182709e-06,
    "l2": 4.635248676129354e-05,
    "lr": 0.000799039830450634,
    "q": 0.95
  },
  "QRF_Infl_yoy_1997": {
    "max_depth": 3,
    "n_estimators": 50
  },
  "QGB_Q5_Infl_yoy_1997": {
    "learning_rate": 0.1,
    "max_depth": 1,
    "n_estimators": 10,
    "subsample": 1.0
  },
  "QGB_Q25_Infl_yoy_1997": {
    "learning_rate": 0.1,
    "max_depth": 1,
    "n_estimators": 10,
    "subsample": 1.0
  },
  "QGB_Q50_Infl_yoy_1997": {
    "learning_rate": 0.1,
    "max_depth": 1,
    "n_estimators": 10,
    "subsample": 1.0
  },
  "QGB_Q75_Infl_yoy_1997": {
    "learning_rate": 0.1,
    "max_depth": 1,
    "n_estimators": 10,
    "subsample": 1.0
  },
  "QGB_Q95_Infl_yoy_1997": {
    "learning_rate": 0.1,
    "max_depth": 1,
    "n_estimators": 10,
    "subsample": 1.0
  }
}