{
  "QR_Q5_Infl_yoy_1997": {
    "lr": 0.0006014057687966887,
    "q": 0.05
  },
  "QR_Q25_Infl_yoy_1997": {
    "lr": 0.0010999037280649009,
    "q": 0.25
  },
  "QR_Q50_Infl_yoy_1997": {
    "lr": 0.0019706815250226523,
    "q": 0.5
  },
  "QR_Q75_Infl_yoy_1997": {
    "lr": 0.0005846089954088875,
    "q": 0.75
  },
  "QR_Q95_Infl_yoy_1997": {
    "lr": 0.0007069602799524982,
    "q": 0.95
  },
  "RID_Q5_Infl_yoy_1997": {
    "l2": 1.5104346603198179e-05,
    "lr": 0.0009082208017149066,
    "q": 0.05
  },
  "RID_Q25_Infl_yoy_1997": {
    "l2": 1.6235073694943366e-05,
    "lr": 0.0008371720030850055,
    "q": 0.25
  },
  "RID_Q50_Infl_yoy_1997": {
    "l2": 1.9215365940179927e-05,
    "lr": 0.0005135666763205893,
    "q": 0.5
  },
  "RID_Q75_Infl_yoy_1997": {
    "l2": 3.233078484924407e-05,
    "lr": 0.0006069810461171614,
    "q": 0.75
  },
  "RID_Q95_Infl_yoy_1997": {
    "l2": 4.3070559949235484e-05,
    "lr": 0.0006985196710936742,
    "q": 0.95
  },
  "LAS_Q5_Infl_yoy_1997": {
    "l1": 2.4440975050344698e-06,
    "lr": 0.0005371003962965651,
    "q": 0.05
  },
  "LAS_Q25_Infl_yoy_1997": {
    "l1": 5.200475728122388e-07,
    "lr": 0.0005258115543062741,
    "q": 0.25
  },
  "LAS_Q50_Infl_yoy_1997": {
    "l1": 4.996192932954612e-07,
    "lr": 0.0008147171044367873,
    "q": 0.5
  },
  "LAS_Q75_Infl_yoy_1997": {
    "l1": 1.0329489467478768e-07,
    "lr": 0.0014392392641560947,
    "q": 0.75
  },
  "LAS_Q95_Infl_yoy_1997": {
    "l1": 5.476626778462739e-06,
    "lr": 0.0010974382741710772,
    "q": 0.95
  },
  "EN_Q5_Infl_yoy_1997": {
    "l1": 4.03047930691297e-06,
    "l2": 4.3799584299695845e-05,
    "lr": 0.0018062774210662856,
    "q": 0.05
  },
  "EN_Q25_Infl_yoy_1997": {
    "l1": 2.21821385407945e-06,
    "l2": 1.4174047603669062e-05,
    "lr": 0.0009045423466517988,
    "q": 0.25
  },
  "EN_Q50_Infl_yoy_1997": {
    "l1": 1.7871916200344783e-07,
    "l2": 4.352900527479511e-05,
    "lr": 0.0010634522793060083,
    "q": 0.5
  },
  "EN_Q75_Infl_yoy_1997": {
    "l1": 3.0171346892024883e-07,
    "l2": 2.1954660355839587e-05,
    "lr": 0.0010170511309129317,
    "q": 0.75
  },
  "EN_Q95_Infl_yoy_1997": {
    "l1": 5.8498963277888e-06,
    "l2": 5.8488183027382624e-05,
    "lr": 0.0018501682658515373,
    "q": 0.95
  },
  "QRF_Infl_yoy_1997": {
    "max_depth": 3,
    "n_estimators": 50
  },
  "QGB_Q5_Infl_yoy_1997": {
    "learning_rate": 0.1,
    "max_depth": 1,
    "n_estimators": 10,
    "subsample": 1.0
  },
  "QGB_Q25_Infl_yoy_1997": {
    "learning_rate": 0.1,
    "max_depth": 1,
    "n_estimators": 10,
    "subsample": 1.0
  },
  "QGB_Q50_Infl_yoy_1997": {
    "learning_rate": 0.1,
    "max_depth": 1,
    "n_estimators": 10,
    "subsample": 1.0
  },
  "QGB_Q75_Infl_yoy_1997": {
    "learning_rate": 0.1,
    "max_depth": 1,
    "n_estimators": 10,
    "subsample": 1.0
  },
  "QGB_Q95_Infl_yoy_1997": {
    "learning_rate": 0.1,
    "max_depth": 1,
    "n_estimators": 10,
    "subsample": 1.0
  }
}