{"QR_Q5_Infl_yoy_2023": {"lr": 0.0005744742442948124, "q": 0.05}, "QR_Q25_Infl_yoy_2023": {"lr": 0.0009736829849104416, "q": 0.25}, "QR_Q50_Infl_yoy_2023": {"lr": 0.0006633283473670718, "q": 0.5}, "QR_Q75_Infl_yoy_2023": {"lr": 0.0008298121816682224, "q": 0.75}, "QR_Q95_Infl_yoy_2023": {"lr": 0.000657922302585411, "q": 0.95}, "RID_Q5_Infl_yoy_2023": {"l2": 6.250551925273976e-05, "lr": 0.0015653041326460324, "q": 0.05}, "RID_Q25_Infl_yoy_2023": {"l2": 3.0888435964774785e-05, "lr": 0.0006109647721766852, "q": 0.25}, "RID_Q50_Infl_yoy_2023": {"l2": 1e-05, "lr": 0.0014307067105122986, "q": 0.5}, "RID_Q75_Infl_yoy_2023": {"l2": 2.2229964825261955e-05, "lr": 0.001162106976299407, "q": 0.75}, "RID_Q95_Infl_yoy_2023": {"l2": 5.1794746792312125e-05, "lr": 0.0011972881962731587, "q": 0.95}, "LAS_Q5_Infl_yoy_2023": {"l1": 2.559547922699533e-07, "lr": 0.001898686124130373, "q": 0.05}, "LAS_Q25_Infl_yoy_2023": {"l1": 7.543120063354607e-06, "lr": 0.0010164111509001024, "q": 0.25}, "LAS_Q50_Infl_yoy_2023": {"l1": 1.0985411419875573e-07, "lr": 0.001398187843725359, "q": 0.5}, "LAS_Q75_Infl_yoy_2023": {"l1": 1.0985411419875573e-07, "lr": 0.0005432559701761756, "q": 0.75}, "LAS_Q95_Infl_yoy_2023": {"l1": 3.0888435964774783e-07, "lr": 0.0007706264994968948, "q": 0.95}, "EN_Q5_Infl_yoy_2023": {"l1": 1.8420699693267164e-06, "l2": 1.9306977288832496e-05, "lr": 0.0009306528890860419, "q": 0.05}, "EN_Q25_Infl_yoy_2023": {"l1": 1.151395399326448e-06, "l2": 1.5264179671752335e-05, "lr": 0.0008398064538691662, "q": 0.25}, "EN_Q50_Infl_yoy_2023": {"l1": 1.3257113655901082e-07, "l2": 3.39322177189533e-05, "lr": 0.0015723083868162035, "q": 0.5}, "EN_Q75_Infl_yoy_2023": {"l1": 3.5564803062231285e-06, "l2": 7.543120063354622e-05, "lr": 0.0005012533179328202, "q": 0.75}, "EN_Q95_Infl_yoy_2023": {"l1": 3.906939937054613e-06, "l2": 6.866488450042999e-05, "lr": 0.0005488574643862698, "q": 0.95}, "QRF_Infl_yoy_2023": {"max_depth": 3, "n_estimators": 50}, "QGB_Q5_Infl_yoy_2023": {"learning_rate": 0.1, "max_depth": 1, "n_estimators": 10, "subsample": 1.0}, "QGB_Q25_Infl_yoy_2023": {"learning_rate": 0.1, "max_depth": 1, "n_estimators": 10, "subsample": 1.0}, "QGB_Q50_Infl_yoy_2023": {"learning_rate": 0.1, "max_depth": 1, "n_estimators": 10, "subsample": 1.0}, "QGB_Q75_Infl_yoy_2023": {"learning_rate": 0.1, "max_depth": 1, "n_estimators": 10, "subsample": 1.0}, "QGB_Q95_Infl_yoy_2023": {"learning_rate": 0.1, "max_depth": 1, "n_estimators": 10, "subsample": 1.0}}