{"QR_Q5_Infl_yoy_1997": {"lr": 0.0016442302733627923, "q": 0.05}, "QR_Q25_Infl_yoy_1997": {"lr": 0.000886164856351055, "q": 0.25}, "QR_Q50_Infl_yoy_1997": {"lr": 0.0005174758476622627, "q": 0.5}, "QR_Q75_Infl_yoy_1997": {"lr": 0.0009107874297010034, "q": 0.75}, "QR_Q95_Infl_yoy_1997": {"lr": 0.001741041560667361, "q": 0.95}, "RID_Q5_Infl_yoy_1997": {"l2": 3.541295264103319e-05, "lr": 0.0007851968818013582, "q": 0.05}, "RID_Q25_Infl_yoy_1997": {"l2": 1.6929070428305752e-05, "lr": 0.0005609127957007474, "q": 0.25}, "RID_Q50_Infl_yoy_1997": {"l2": 3.143521779335034e-05, "lr": 0.0007227463901161151, "q": 0.5}, "RID_Q75_Infl_yoy_1997": {"l2": 9.313370711726823e-05, "lr": 0.000631116595369408, "q": 0.75}, "RID_Q95_Infl_yoy_1997": {"l2": 3.0422536592061187e-05, "lr": 0.0010121703279205145, "q": 0.95}, "LAS_Q5_Infl_yoy_1997": {"l1": 4.866308321548902e-07, "lr": 0.0019448317276274845, "q": 0.05}, "LAS_Q25_Infl_yoy_1997": {"l1": 1.3770958769270212e-06, "lr": 0.0006288753282552455, "q": 0.25}, "LAS_Q50_Infl_yoy_1997": {"l1": 5.809192541441062e-06, "lr": 0.0005425346704337614, "q": 0.5}, "LAS_Q75_Infl_yoy_1997": {"l1": 1.0183970589045846e-06, "lr": 0.0009876467254969139, "q": 0.75}, "LAS_Q95_Infl_yoy_1997": {"l1": 1.938788577065614e-07, "lr": 0.0014078100968397756, "q": 0.95}, "EN_Q5_Infl_yoy_1997": {"l1": 1.8932777279068404e-06, "l2": 2.2037979361693372e-05, "lr": 0.0008364816026714418, "q": 0.05}, "EN_Q25_Infl_yoy_1997": {"l1": 2.6538218195139115e-07, "l2": 9.508218002832728e-05, "lr": 0.0010840739170326472, "q": 0.25}, "EN_Q50_Infl_yoy_1997": {"l1": 1.8679509946024819e-06, "l2": 2.413790760309507e-05, "lr": 0.00109954637291389, "q": 0.5}, "EN_Q75_Infl_yoy_1997": {"l1": 7.037465485602488e-07, "l2": 1.117702238971921e-05, "lr": 0.001160308278273294, "q": 0.75}, "EN_Q95_Infl_yoy_1997": {"l1": 3.461176847619864e-07, "l2": 4.8164160634527586e-05, "lr": 0.0018900591989209734, "q": 0.95}, "QRF_Infl_yoy_1997": {"max_depth": 3, "n_estimators": 50}, "QGB_Q5_Infl_yoy_1997": {"learning_rate": 0.1, "max_depth": 1, "n_estimators": 10, "subsample": 1.0}, "QGB_Q25_Infl_yoy_1997": {"learning_rate": 0.1, "max_depth": 1, "n_estimators": 10, "subsample": 1.0}, "QGB_Q50_Infl_yoy_1997": {"learning_rate": 0.1, "max_depth": 1, "n_estimators": 10, "subsample": 1.0}, "QGB_Q75_Infl_yoy_1997": {"learning_rate": 0.1, "max_depth": 1, "n_estimators": 10, "subsample": 1.0}, "QGB_Q95_Infl_yoy_1997": {"learning_rate": 0.1, "max_depth": 1, "n_estimators": 10, "subsample": 1.0}}