,AR1,IAR,LR,LAS,QRF,QGB,DMQv0c,DMQv1c,DMQv2c
AR1,,0.8823146493955408,0.2567729742679826,0.267181575827693,0.04406853550728083,0.0285734075216452,0.024594481442866818,0.007955156796731802,0.02555142345469917
IAR,0.8823146493955408,,0.2586946384386185,0.2765662526053627,0.38064343042686277,0.17490365286341947,0.06026786458658275,0.1015963710029356,0.11966151972195414
LR,0.2567729742679826,0.2586946384386185,,0.25418862017581967,0.2545030143494126,0.25394229258463064,0.2529747388444604,0.25312861791379815,0.25335646418134705
LAS,0.267181575827693,0.2765662526053627,0.25418862017581967,,0.2563556030914169,0.2537131793130072,0.24924404758059315,0.24990827413000316,0.2509872709203592
QRF,0.04406853550728083,0.38064343042686277,0.2545030143494126,0.2563556030914169,,0.14791646610578757,0.06461588112960362,0.031763743215988204,0.07302817537466783
QGB,0.0285734075216452,0.17490365286341947,0.25394229258463064,0.2537131793130072,0.14791646610578757,,0.06678550130836236,0.013243639880634352,0.15778294813410487
DMQv0c,0.024594481442866818,0.06026786458658275,0.2529747388444604,0.24924404758059315,0.06461588112960362,0.06678550130836236,,0.4219246611418678,0.11135672825969087
DMQv1c,0.007955156796731802,0.1015963710029356,0.25312861791379815,0.24990827413000316,0.031763743215988204,0.013243639880634352,0.4219246611418678,,0.4463679041634012
DMQv2c,0.02555142345469917,0.11966151972195414,0.25335646418134705,0.2509872709203592,0.07302817537466783,0.15778294813410487,0.11135672825969087,0.4463679041634012,
