,AR1,VG,LR,LAS,QRF,QGB,DMQv0c,DMQv1c,DMQv2c
AR1,,0.4368253166169309,0.1930122697865423,0.4810847840536746,0.7104926363847455,0.1918023746019759,0.13980398155012178,0.5849891376597842,0.41009938139918867
VG,0.4368253166169309,,0.2389882195948716,0.6890130462856645,0.3161208919032483,0.09802743784617865,0.0012160005958940135,0.07813777032028907,0.05035634387438842
LR,0.1930122697865423,0.2389882195948716,,0.2512071875631282,0.19675091128829403,0.18460083027485585,0.17273101839033345,0.20242686490212014,0.19200911379841867
LAS,0.4810847840536746,0.6890130462856645,0.2512071875631282,,0.3994754611051936,0.23959525107014623,0.04103662533475903,0.22141264404091754,0.1453799533856379
QRF,0.7104926363847455,0.3161208919032483,0.19675091128829403,0.3994754611051936,,0.05399816589029047,0.1153684760726068,0.665873113595179,0.4102875457815912
QGB,0.1918023746019759,0.09802743784617865,0.18460083027485585,0.23959525107014623,0.05399816589029047,,0.212881201924216,0.9341858392592013,0.6561555750709296
DMQv0c,0.13980398155012178,0.0012160005958940135,0.17273101839033345,0.04103662533475903,0.1153684760726068,0.212881201924216,,0.04914145741504063,0.3631242748597511
DMQv1c,0.5849891376597842,0.07813777032028907,0.20242686490212014,0.22141264404091754,0.665873113595179,0.9341858392592013,0.04914145741504063,,0.26976467510224633
DMQv2c,0.41009938139918867,0.05035634387438842,0.19200911379841867,0.1453799533856379,0.4102875457815912,0.6561555750709296,0.3631242748597511,0.26976467510224633,
