,AR1,VG,LR,LAS,QRF,QGB,DMQv0c,DMQv1c,DMQv2c
AR1,0.0,-0.7775653130157671,-1.3017195622356155,-0.7045588988989354,0.3711945442289224,1.3052657432923376,1.4765213743866692,0.5461117292603066,0.8237187530291341
VG,0.7775653130157671,0.0,-1.1775194986766846,-0.40019479733556856,1.002461210363107,1.65449273690093,3.2351001750853556,1.7615948758341875,1.9569245146392191
LR,1.3017195622356155,1.1775194986766846,0.0,1.1474221584645,1.2908637960859914,1.3267214875369684,1.3634808415737778,1.2746677539216635,1.304658631724873
LAS,0.7045588988989354,0.40019479733556856,-1.1474221584645,0.0,0.8425584072103337,1.175999061542475,2.0431597640117927,1.2227804165332354,1.4560458205033957
QRF,-0.3711945442289224,-1.002461210363107,-1.2908637960859914,-0.8425584072103337,0.0,1.9268512860116194,1.5745148286836772,0.4318188013251434,0.8233877169814536
QGB,-1.3052657432923376,-1.65449273690093,-1.3267214875369684,-1.175999061542475,-1.9268512860116194,0.0,1.2456818980377338,-0.08257957917950033,0.4452271957630842
DMQv0c,-1.4765213743866692,-3.2351001750853556,-1.3634808415737778,-2.0431597640117927,-1.5745148286836772,-1.2456818980377338,0.0,-1.9673622998338667,-0.9094279479788168
DMQv1c,-0.5461117292603066,-1.7615948758341875,-1.2746677539216635,-1.2227804165332354,-0.4318188013251434,0.08257957917950033,1.9673622998338667,0.0,1.1036046456201363
DMQv2c,-0.8237187530291341,-1.9569245146392191,-1.304658631724873,-1.4560458205033957,-0.8233877169814536,-0.4452271957630842,0.9094279479788168,-1.1036046456201363,0.0
