,AR1,VG,LR,LAS,QRF,QGB,DMQv0c,DMQv1c,DMQv2c
AR1,,0.4855093732491159,0.542164223605673,0.035033028905942,0.2671983872331153,0.8155645020694693,0.08203202974159565,0.07290979224734247,0.2824496511077351
VG,0.4855093732491159,,0.6000918295275113,0.027625815874637062,0.17287555585866266,0.573521685833471,0.09083148473562187,0.15199489784733833,0.4303354181739092
LR,0.542164223605673,0.6000918295275113,,0.9872838988090373,0.2236097854591237,0.42055808081687385,0.21919367572381576,0.48263135785939204,0.8272887599854016
LAS,0.035033028905942,0.027625815874637062,0.9872838988090373,,0.005708017236201018,0.04337816919369418,0.0033918587843027328,0.27800281224190704,0.723022463118596
QRF,0.2671983872331153,0.17287555585866266,0.2236097854591237,0.005708017236201018,,0.021899112050045574,0.6897449634411794,0.02617812848111379,0.06448205864458097
QGB,0.8155645020694693,0.573521685833471,0.42055808081687385,0.04337816919369418,0.021899112050045574,,0.13337525109148668,0.08064837140687885,0.21802429422917335
DMQv0c,0.08203202974159565,0.09083148473562187,0.21919367572381576,0.0033918587843027328,0.6897449634411794,0.13337525109148668,,0.007878711073031128,0.023761537738915227
DMQv1c,0.07290979224734247,0.15199489784733833,0.48263135785939204,0.27800281224190704,0.02617812848111379,0.08064837140687885,0.007878711073031128,,0.01998896256074984
DMQv2c,0.2824496511077351,0.4303354181739092,0.8272887599854016,0.723022463118596,0.06448205864458097,0.21802429422917335,0.023761537738915227,0.01998896256074984,
