,AR1,VG,LR,LAS,QRF,QGB,DMQv0c,DMQv1c,DMQv2c
AR1,,0.29492639324534853,0.18453945993656595,0.36668910135609034,1.3581348913223037e-07,0.6301837845622578,0.6414508763566817,0.5537045135017865,0.9495069710486699
VG,0.29492639324534853,,0.1787646472097837,0.24606903716393314,0.25752563383816096,0.7790788970452538,0.791634376028753,0.7810605824147313,0.779444174418655
LR,0.18453945993656595,0.1787646472097837,,0.2325737329554869,0.17085496504848185,0.1738531038380161,0.17484464179907044,0.17646420863416257,0.1833737113537829
LAS,0.36668910135609034,0.24606903716393314,0.2325737329554869,,0.23431952980124482,0.07050437207057617,0.07363098365004671,0.14127816325582157,0.2311788707705167
QRF,1.3581348913223037e-07,0.25752563383816096,0.17085496504848185,0.23431952980124482,,0.9118019610108581,0.9052891768559007,0.7534465509089956,0.5491280337079663
QGB,0.6301837845622578,0.7790788970452538,0.1738531038380161,0.07050437207057617,0.9118019610108581,,0.977148749080102,0.8257062351868331,0.31151463047698724
DMQv0c,0.6414508763566817,0.791634376028753,0.17484464179907044,0.07363098365004671,0.9052891768559007,0.977148749080102,,0.8367066893432902,0.303367809229379
DMQv1c,0.5537045135017865,0.7810605824147313,0.17646420863416257,0.14127816325582157,0.7534465509089956,0.8257062351868331,0.8367066893432902,,0.41755802697051014
DMQv2c,0.9495069710486699,0.779444174418655,0.1833737113537829,0.2311788707705167,0.5491280337079663,0.31151463047698724,0.303367809229379,0.41755802697051014,
