,AR1,VG,LR,LAS,QRF,QGB,DMQv0c,DMQv1c,DMQv2c
AR1,,0.22427469452495685,0.004120561336376375,0.6278084674918694,0.987516971914794,0.20714088344363368,0.42211302335634515,0.7147756402706751,0.7523622502838033
VG,0.22427469452495685,,0.016706727486401764,0.37664210206839754,0.22043887338258972,0.8092890244739066,0.050674182014473365,0.6883056435135759,0.2837443998287926
LR,0.004120561336376375,0.016706727486401764,,0.003717658897940031,0.0056765413748339905,0.028687769064677866,0.001662113486411199,0.015597222230001005,0.005552636646187837
LAS,0.6278084674918694,0.37664210206839754,0.003717658897940031,,0.6148839204726864,0.337653060338711,0.18680857233941506,0.9120882113140909,0.563014102778223
QRF,0.987516971914794,0.22043887338258972,0.0056765413748339905,0.6148839204726864,,0.09723468166774128,0.3898749538173478,0.7107008428184116,0.7138105939090812
QGB,0.20714088344363368,0.8092890244739066,0.028687769064677866,0.337653060338711,0.09723468166774128,,0.01765651775917002,0.5355117551389682,0.1237517114819814
DMQv0c,0.42211302335634515,0.050674182014473365,0.001662113486411199,0.18680857233941506,0.3898749538173478,0.01765651775917002,,0.15099562287508714,0.8223053221234818
DMQv1c,0.7147756402706751,0.6883056435135759,0.015597222230001005,0.9120882113140909,0.7107008428184116,0.5355117551389682,0.15099562287508714,,0.18600237706351674
DMQv2c,0.7523622502838033,0.2837443998287926,0.005552636646187837,0.563014102778223,0.7138105939090812,0.1237517114819814,0.8223053221234818,0.18600237706351674,
