,AR1,VG,LR,LAS,QRF,QGB,DMQv0c,DMQv1c,DMQv2c
AR1,0.0,-1.2152396694176713,-2.8687816626145217,-0.4848137510416081,0.015645793876829496,-1.261466330126354,0.8027607655574232,-0.36544984379361245,0.3155260830780553
VG,1.2152396694176713,0.0,-2.3930991099396786,0.8841002429620818,1.2253619585040851,-0.24134333805528432,1.9542286543583811,0.4011554970298357,1.0719457494944171
LR,2.8687816626145217,2.3930991099396786,0.0,2.9011752579640673,2.7659030188117115,2.1877506684870087,3.1447807429952883,2.4182065078581734,2.773092315335204
LAS,0.4848137510416081,-0.8841002429620818,-2.9011752579640673,0.0,0.5031142898392945,-0.9588127988068257,1.3200792125878442,-0.11040497053357952,0.5783703569015974
QRF,-0.015645793876829496,-1.2253619585040851,-2.7659030188117115,-0.5031142898392945,0.0,-1.6584102869513866,0.859844158436503,-0.3709149995216137,0.36674318067129563
QGB,1.261466330126354,0.24134333805528432,-2.1877506684870087,0.9588127988068257,1.6584102869513866,0.0,2.372743561033005,0.6196142918976658,1.5392154317228866
DMQv0c,-0.8027607655574232,-1.9542286543583811,-3.1447807429952883,-1.3200792125878442,-0.859844158436503,-2.372743561033005,0.0,-1.4360236108104378,-0.22458090362035107
DMQv1c,0.36544984379361245,-0.4011554970298357,-2.4182065078581734,0.11040497053357952,0.3709149995216137,-0.6196142918976658,1.4360236108104378,0.0,1.3224979935269938
DMQv2c,-0.3155260830780553,-1.0719457494944171,-2.773092315335204,-0.5783703569015974,-0.36674318067129563,-1.5392154317228866,0.22458090362035107,-1.3224979935269938,0.0
