,AR1,VG,LR,LAS,QRF,QGB,DMQv0c,DMQv1c,DMQv2c
AR1,,0.5787876102611784,0.07469504574324493,0.06016584234058451,0.10195236163020875,0.6271247792918794,0.03951503752592324,0.47420521652540615,0.2657404046254386
VG,0.5787876102611784,,0.09297083640177303,0.07486632361319909,0.15190404835758828,0.8646440820480548,0.0003764117377772526,0.12899086876595178,0.06389617305443926
LR,0.07469504574324493,0.09297083640177303,,0.12674173764920274,0.0631788054201947,0.08339217761250736,0.05229160439510938,0.07669677992343113,0.06562043740775522
LAS,0.06016584234058451,0.07486632361319909,0.12674173764920274,,0.0117434085565356,0.07705168806354482,3.565637655696564e-06,0.01117419208361732,0.0071758065674676335
QRF,0.10195236163020875,0.15190404835758828,0.0631788054201947,0.0117434085565356,,0.02990267018545208,0.1708201879043454,0.9361198919742468,0.5165462200309106
QGB,0.6271247792918794,0.8646440820480548,0.08339217761250736,0.07705168806354482,0.02990267018545208,,0.012082683150426664,0.28392768649917366,0.12822503994409748
DMQv0c,0.03951503752592324,0.0003764117377772526,0.05229160439510938,3.565637655696564e-06,0.1708201879043454,0.012082683150426664,,0.14810390795445685,0.6573107093837856
DMQv1c,0.47420521652540615,0.12899086876595178,0.07669677992343113,0.01117419208361732,0.9361198919742468,0.28392768649917366,0.14810390795445685,,0.2721974542978606
DMQv2c,0.2657404046254386,0.06389617305443926,0.06562043740775522,0.0071758065674676335,0.5165462200309106,0.12822503994409748,0.6573107093837856,0.2721974542978606,
