,AR1,VG,LR,LAS,QRF,QGB,DMQv0c,DMQv1c,DMQv2c
AR1,,0.02394863382277614,0.2387033573859172,0.9695008739783327,1.2351435983297353e-07,2.943033086801904e-13,0.0008865852532741069,0.006051691616140934,0.01870180594004742
VG,0.02394863382277614,,0.2031173134021873,0.39014755895366393,0.09421173742976231,7.184504492982243e-08,0.0016555988229649957,0.03126414024800242,0.06980120516563626
LR,0.2387033573859172,0.2031173134021873,,0.2393429588940651,0.17339941835520978,0.1069881284800952,0.12967854277477564,0.1485071734951993,0.15180416367338714
LAS,0.9695008739783327,0.39014755895366393,0.2393429588940651,,0.18827059010656,0.001960333177583057,0.0005001678643815501,0.025294147459712295,0.025060288784029685
QRF,1.2351435983297353e-07,0.09421173742976231,0.17339941835520978,0.18827059010656,,5.759012564340583e-10,0.07675280333017721,0.2807636917572318,0.3568414429181871
QGB,2.943033086801904e-13,7.184504492982243e-08,0.1069881284800952,0.001960333177583057,5.759012564340583e-10,,0.3462530061135689,0.025352427679028303,0.0472654567349964
DMQv0c,0.0008865852532741069,0.0016555988229649957,0.12967854277477564,0.0005001678643815501,0.07675280333017721,0.3462530061135689,,0.19240369433023563,0.16745350319055652
DMQv1c,0.006051691616140934,0.03126414024800242,0.1485071734951993,0.025294147459712295,0.2807636917572318,0.025352427679028303,0.19240369433023563,,0.9794060210628709
DMQv2c,0.01870180594004742,0.06980120516563626,0.15180416367338714,0.025060288784029685,0.3568414429181871,0.0472654567349964,0.16745350319055652,0.9794060210628709,
