,AR1,VG,LR,LAS,QRF,QGB,DMQv0c,DMQv1c,DMQv2c
AR1,,0.30319038496133266,0.10223306644660342,0.021223734544198562,0.12494940300616712,0.10193985752889877,0.029121958303745,0.384953847144349,0.3100677334032259
VG,0.30319038496133266,,0.13483904375181752,0.13860125862763903,0.031224292352263105,0.019516914738838875,6.358968367087709e-05,0.031847137154160265,0.037813282034919835
LR,0.10223306644660342,0.13483904375181752,,0.17202157200191415,0.0816265462558027,0.0794021439140553,0.06485425131433445,0.0880626980453033,0.08461730150707443
LAS,0.021223734544198562,0.13860125862763903,0.17202157200191415,,0.002471906897316192,0.00271062716852484,2.1092118917639222e-05,0.013072136679424319,0.017406832932600914
QRF,0.12494940300616712,0.031224292352263105,0.0816265462558027,0.002471906897316192,,0.40378112050095083,0.16544262347300254,0.982382455745425,0.6812419803862644
QGB,0.10193985752889877,0.019516914738838875,0.0794021439140553,0.00271062716852484,0.40378112050095083,,0.2618556348593102,0.730383082400178,0.8873869473117809
DMQv0c,0.029121958303745,6.358968367087709e-05,0.06485425131433445,2.1092118917639222e-05,0.16544262347300254,0.2618556348593102,,0.07568600286786441,0.32948393585281666
DMQv1c,0.384953847144349,0.031847137154160265,0.0880626980453033,0.013072136679424319,0.982382455745425,0.730383082400178,0.07568600286786441,,0.47456038447419113
DMQv2c,0.3100677334032259,0.037813282034919835,0.08461730150707443,0.017406832932600914,0.6812419803862644,0.8873869473117809,0.32948393585281666,0.47456038447419113,
