,AR1,VG,LR,LAS,QRF,QGB,DMQv0c,DMQv1c,DMQv2c
AR1,,0.47464755464641306,0.0011616394920435694,0.008019529358184957,0.7066809437199315,0.0029813279553661596,0.5735863733550994,0.9781608315030655,0.438013009631809
VG,0.47464755464641306,,0.0021909109765474053,0.08112411488324033,0.5949290767318449,0.03406169973319787,0.2575084105068697,0.5152589143083841,0.1518066651871225
LR,0.0011616394920435694,0.0021909109765474053,,0.046944536586659945,0.0024415785253401726,0.21458762380245633,0.0010516562620547381,0.004989426976947629,0.0023753938535795373
LAS,0.008019529358184957,0.08112411488324033,0.046944536586659945,,0.011579103905378358,0.3675464696266102,0.0005812203902354976,0.008139119308451005,0.00287971712189723
QRF,0.7066809437199315,0.5949290767318449,0.0024415785253401726,0.011579103905378358,,0.0010894172477553929,0.39090792800241103,0.909859060079852,0.3159879897851592
QGB,0.0029813279553661596,0.03406169973319787,0.21458762380245633,0.3675464696266102,0.0010894172477553929,,0.0010193457831261313,0.021355671300308122,0.006435212418369778
DMQv0c,0.5735863733550994,0.2575084105068697,0.0010516562620547381,0.0005812203902354976,0.39090792800241103,0.0010193457831261313,,0.6768548615383609,0.5813969058771082
DMQv1c,0.9781608315030655,0.5152589143083841,0.004989426976947629,0.008139119308451005,0.909859060079852,0.021355671300308122,0.6768548615383609,,0.16716356101281837
DMQv2c,0.438013009631809,0.1518066651871225,0.0023753938535795373,0.00287971712189723,0.3159879897851592,0.006435212418369778,0.5813969058771082,0.16716356101281837,
