,AR1,VG,LR,LAS,QRF,QGB,DMQv0c,DMQv1c,DMQv2c
AR1,0.0,1.0473755728859764,-1.3269069654812213,-0.9026925314446597,5.270822870934711,0.4814681872060856,0.4656711912896238,0.5922181553416849,0.06332592622590077
VG,-1.0473755728859764,0.0,-1.3445684204679174,-1.159950311096319,1.1322588287120983,0.2805195911352074,0.2641888841680282,0.27793717994112527,-0.2800434438552805
LR,1.3269069654812213,1.3445684204679174,0.0,1.1937552200904833,1.369461808721361,1.3599267536101785,1.3568003955639856,1.3517221745896617,1.330438880648275
LAS,0.9026925314446597,1.159950311096319,-1.1937552200904833,0.0,1.189305352616802,1.808656582822551,1.7888996160918271,1.4710479003160168,1.197327651406547
QRF,-5.270822870934711,-1.1322588287120983,-1.369461808721361,-1.189305352616802,0.0,-0.11076593248073904,-0.11898255478597744,-0.3140980758208852,-0.5990672592662019
QGB,-0.4814681872060856,-0.2805195911352074,-1.3599267536101785,-1.808656582822551,0.11076593248073904,0.0,-0.02864371219867476,-0.22021176395437872,-1.0120489894196185
DMQv0c,-0.4656711912896238,-0.2641888841680282,-1.3568003955639856,-1.7888996160918271,0.11898255478597744,0.02864371219867476,0.0,-0.20610782140251402,-1.0292380862060972
DMQv1c,-0.5922181553416849,-0.27793717994112527,-1.3517221745896617,-1.4710479003160168,0.3140980758208852,0.22021176395437872,0.20610782140251402,0.0,-0.8106650889328898
DMQv2c,-0.06332592622590077,0.2800434438552805,-1.330438880648275,-1.197327651406547,0.5990672592662019,1.0120489894196185,1.0292380862060972,0.8106650889328898,0.0
